id,pred_label_1,pred_label_2
test0000.mp4,1,9
test0001.mp4,3,31
test0002.mp4,1,8
test0003.mp4,5,47
test0004.mp4,2,19
test0005.mp4,1,7
test0006.mp4,3,31
test0007.mp4,1,8
test0008.mp4,3,29
test0009.mp4,1,10
test0010.mp4,1,9
test0011.mp4,5,38
test0012.mp4,6,48
test0013.mp4,1,8
test0014.mp4,1,8
test0015.mp4,5,47
test0016.mp4,0,0
test0017.mp4,0,1
test0018.mp4,2,22
test0019.mp4,2,21
test0020.mp4,3,31
test0021.mp4,1,9
test0022.mp4,1,7
test0023.mp4,2,11
test0024.mp4,3,24
test0025.mp4,1,8
test0026.mp4,1,9
test0027.mp4,0,0
test0028.mp4,1,5
test0029.mp4,1,8
test0030.mp4,3,29
test0031.mp4,6,49
test0032.mp4,1,8
test0033.mp4,2,17
test0034.mp4,1,9
test0035.mp4,3,26
test0036.mp4,6,49
test0037.mp4,2,17
test0038.mp4,1,9
test0039.mp4,3,29
test0040.mp4,2,19
test0041.mp4,1,10
test0042.mp4,2,13
test0043.mp4,2,11
test0044.mp4,1,9
test0045.mp4,2,17
test0046.mp4,1,9
test0047.mp4,1,8
test0048.mp4,1,8
test0049.mp4,1,10
test0050.mp4,1,7
test0051.mp4,1,10
test0052.mp4,3,26
test0053.mp4,1,10
test0054.mp4,1,9
test0055.mp4,2,19
test0056.mp4,2,13
test0057.mp4,1,9
test0058.mp4,1,5
test0059.mp4,2,22
test0060.mp4,2,13
test0061.mp4,2,19
test0062.mp4,1,6
test0063.mp4,5,38
test0064.mp4,1,10
test0065.mp4,6,49
test0066.mp4,2,19
test0067.mp4,6,49
test0068.mp4,2,12
test0069.mp4,1,10
test0070.mp4,1,10
test0071.mp4,2,16
test0072.mp4,2,12
test0073.mp4,5,47
test0074.mp4,1,10
test0075.mp4,3,31
test0076.mp4,1,5
test0077.mp4,1,10
test0078.mp4,5,43
test0079.mp4,1,7
test0080.mp4,1,8
test0081.mp4,3,31
test0082.mp4,3,24
test0083.mp4,3,27
test0084.mp4,2,19
test0085.mp4,1,9
test0086.mp4,5,39
test0087.mp4,2,16
test0088.mp4,6,48
test0089.mp4,5,47
test0090.mp4,1,10
test0091.mp4,2,11
test0092.mp4,3,29
test0093.mp4,6,49
test0094.mp4,3,29
test0095.mp4,2,22
test0096.mp4,3,31
test0097.mp4,2,23
test0098.mp4,2,23
test0099.mp4,5,47
test0100.mp4,2,21
test0101.mp4,3,31
test0102.mp4,3,31
test0103.mp4,1,9
test0104.mp4,0,1
test0105.mp4,2,19
test0106.mp4,1,8
test0107.mp4,3,27
test0108.mp4,3,31
test0109.mp4,1,9
test0110.mp4,3,30
test0111.mp4,3,26
test0112.mp4,1,10
test0113.mp4,1,9
test0114.mp4,1,5
test0115.mp4,1,9
test0116.mp4,6,49
test0117.mp4,1,7
test0118.mp4,2,17
test0119.mp4,1,9
test0120.mp4,6,48
test0121.mp4,2,17
test0122.mp4,2,11
test0123.mp4,2,14
test0124.mp4,1,9
test0125.mp4,5,42
test0126.mp4,6,49
test0127.mp4,3,31
test0128.mp4,1,9
test0129.mp4,1,10
test0130.mp4,6,49
test0131.mp4,3,24
test0132.mp4,5,41
test0133.mp4,5,46
test0134.mp4,2,21
test0135.mp4,1,9
test0136.mp4,1,7
test0137.mp4,2,19
test0138.mp4,2,21
test0139.mp4,2,18
test0140.mp4,3,31
test0141.mp4,1,10
test0142.mp4,2,21
test0143.mp4,1,9
test0144.mp4,1,7
test0145.mp4,1,9
test0146.mp4,2,21
test0147.mp4,6,49
test0148.mp4,1,10
test0149.mp4,2,21
test0150.mp4,1,8
test0151.mp4,0,0
test0152.mp4,2,17
test0153.mp4,3,31
test0154.mp4,4,36
test0155.mp4,2,21
test0156.mp4,1,10
test0157.mp4,1,8
test0158.mp4,4,34
test0159.mp4,2,22
test0160.mp4,1,9
test0161.mp4,1,8
test0162.mp4,1,5
test0163.mp4,3,24
test0164.mp4,5,42
test0165.mp4,1,8
test0166.mp4,2,21
test0167.mp4,1,9
test0168.mp4,3,30
test0169.mp4,1,8
test0170.mp4,1,10
test0171.mp4,1,10
test0172.mp4,1,10
test0173.mp4,2,22
test0174.mp4,6,49
test0175.mp4,1,5
test0176.mp4,2,17
test0177.mp4,1,5
test0178.mp4,6,49
test0179.mp4,5,43
test0180.mp4,6,48
test0181.mp4,0,0
test0182.mp4,6,50
test0183.mp4,1,9
test0184.mp4,2,19
test0185.mp4,5,42
test0186.mp4,3,26
test0187.mp4,0,0
test0188.mp4,2,17
test0189.mp4,2,21
test0190.mp4,4,32
test0191.mp4,2,23
test0192.mp4,2,17
test0193.mp4,5,38
test0194.mp4,1,10
test0195.mp4,6,49
test0196.mp4,6,50
test0197.mp4,1,10
test0198.mp4,6,48
test0199.mp4,3,31
test0200.mp4,1,5
test0201.mp4,2,17
test0202.mp4,1,8
test0203.mp4,2,19
test0204.mp4,4,32
test0205.mp4,1,6
test0206.mp4,1,8
test0207.mp4,3,24
test0208.mp4,2,11
test0209.mp4,3,31
test0210.mp4,2,21
test0211.mp4,2,21
test0212.mp4,1,9
test0213.mp4,3,31
test0214.mp4,1,8
test0215.mp4,2,22
test0216.mp4,6,49
test0217.mp4,6,49
test0218.mp4,3,24
test0219.mp4,1,7
test0220.mp4,2,21
test0221.mp4,1,10
test0222.mp4,1,8
test0223.mp4,2,17
test0224.mp4,6,49
test0225.mp4,1,8
test0226.mp4,2,17
test0227.mp4,5,42
test0228.mp4,6,48
test0229.mp4,2,17
test0230.mp4,1,9
test0231.mp4,2,19
test0232.mp4,2,23
test0233.mp4,6,48
test0234.mp4,6,49
test0235.mp4,1,9
test0236.mp4,1,9
test0237.mp4,1,10
test0238.mp4,2,21
test0239.mp4,0,4
test0240.mp4,2,17
test0241.mp4,5,42
test0242.mp4,2,23
test0243.mp4,0,0
test0244.mp4,2,22
test0245.mp4,5,46
test0246.mp4,0,1
test0247.mp4,2,21
test0248.mp4,2,16
test0249.mp4,2,21
test0250.mp4,5,41
test0251.mp4,3,29
test0252.mp4,2,22
test0253.mp4,1,10
test0254.mp4,1,9
test0255.mp4,1,8
test0256.mp4,1,7
test0257.mp4,0,0
test0258.mp4,1,9
test0259.mp4,0,0
test0260.mp4,3,30
test0261.mp4,1,10
test0262.mp4,1,5
test0263.mp4,1,10
test0264.mp4,1,9
test0265.mp4,2,21
test0266.mp4,1,6
test0267.mp4,1,7
test0268.mp4,2,20
test0269.mp4,1,7
test0270.mp4,1,9
test0271.mp4,1,8
test0272.mp4,0,0
test0273.mp4,4,35
test0274.mp4,1,10
test0275.mp4,2,17
test0276.mp4,1,10
test0277.mp4,2,23
test0278.mp4,1,10
test0279.mp4,2,23
test0280.mp4,0,0
test0281.mp4,3,28
test0282.mp4,5,43
test0283.mp4,3,31
test0284.mp4,5,44
test0285.mp4,2,21
test0286.mp4,2,18
test0287.mp4,1,10
test0288.mp4,0,1
test0289.mp4,1,9
test0290.mp4,2,11
test0291.mp4,1,9
test0292.mp4,1,7
test0293.mp4,5,42
test0294.mp4,1,9
test0295.mp4,2,17
test0296.mp4,2,12
test0297.mp4,1,8
test0298.mp4,1,9
test0299.mp4,2,17
test0300.mp4,1,10
test0301.mp4,1,7
test0302.mp4,5,47
test0303.mp4,4,36
test0304.mp4,2,22
test0305.mp4,5,43
test0306.mp4,1,10
test0307.mp4,1,6
test0308.mp4,0,0
test0309.mp4,2,21
test0310.mp4,1,9
test0311.mp4,1,9
test0312.mp4,5,41
test0313.mp4,1,9
test0314.mp4,3,26
test0315.mp4,5,38
test0316.mp4,1,10
test0317.mp4,5,41
test0318.mp4,1,9
test0319.mp4,3,31
test0320.mp4,2,12
test0321.mp4,6,49
test0322.mp4,1,9
test0323.mp4,3,24
test0324.mp4,2,17
test0325.mp4,6,48
test0326.mp4,1,8
test0327.mp4,2,19
test0328.mp4,1,8
test0329.mp4,1,9
test0330.mp4,1,10
test0331.mp4,1,6
test0332.mp4,5,42
test0333.mp4,1,10
test0334.mp4,1,8
test0335.mp4,5,39
test0336.mp4,6,49
test0337.mp4,1,9
test0338.mp4,3,30
test0339.mp4,1,7
test0340.mp4,3,24
test0341.mp4,6,48
test0342.mp4,1,10
test0343.mp4,2,23
test0344.mp4,2,18
test0345.mp4,2,17
test0346.mp4,1,10
test0347.mp4,1,7
test0348.mp4,3,31
test0349.mp4,1,9
test0350.mp4,0,1
test0351.mp4,1,6
test0352.mp4,1,10
test0353.mp4,6,49
test0354.mp4,3,30
test0355.mp4,5,41
test0356.mp4,2,22
test0357.mp4,3,31
test0358.mp4,6,49
test0359.mp4,2,17
test0360.mp4,2,22
test0361.mp4,3,31
test0362.mp4,3,29
test0363.mp4,3,25
test0364.mp4,6,49
test0365.mp4,1,9
test0366.mp4,2,23
test0367.mp4,1,5
test0368.mp4,1,8
test0369.mp4,3,26
test0370.mp4,1,10
test0371.mp4,2,16
test0372.mp4,1,7
test0373.mp4,2,22
test0374.mp4,6,49
test0375.mp4,6,48
test0376.mp4,3,25
test0377.mp4,1,10
test0378.mp4,2,19
test0379.mp4,3,31
test0380.mp4,1,8
test0381.mp4,1,10
test0382.mp4,1,6
test0383.mp4,1,7
test0384.mp4,1,10
test0385.mp4,3,24
test0386.mp4,1,8
test0387.mp4,3,27
test0388.mp4,1,7
test0389.mp4,6,49
test0390.mp4,1,8
test0391.mp4,3,29
test0392.mp4,1,9
test0393.mp4,1,9
test0394.mp4,1,6
test0395.mp4,1,9
test0396.mp4,6,48
test0397.mp4,1,10
test0398.mp4,2,21
test0399.mp4,2,21
test0400.mp4,1,10
test0401.mp4,1,7
test0402.mp4,1,6
test0403.mp4,0,0
test0404.mp4,2,20
test0405.mp4,2,23
test0406.mp4,1,9
test0407.mp4,1,8
test0408.mp4,1,9
test0409.mp4,6,48
test0410.mp4,3,24
test0411.mp4,5,38
test0412.mp4,2,21
test0413.mp4,3,31
test0414.mp4,3,24
test0415.mp4,0,0
test0416.mp4,1,7
test0417.mp4,2,17
test0418.mp4,6,48
test0419.mp4,0,0
test0420.mp4,2,19
test0421.mp4,5,39
test0422.mp4,6,49
test0423.mp4,5,43
test0424.mp4,3,24
test0425.mp4,6,48
test0426.mp4,5,42
test0427.mp4,3,25
test0428.mp4,1,7
test0429.mp4,4,33
test0430.mp4,1,10
test0431.mp4,1,5
test0432.mp4,2,21
test0433.mp4,2,19
test0434.mp4,1,9
test0435.mp4,3,26
test0436.mp4,5,47
test0437.mp4,1,9
test0438.mp4,1,9
test0439.mp4,1,10
test0440.mp4,1,8
test0441.mp4,1,7
test0442.mp4,1,9
test0443.mp4,1,10
test0444.mp4,3,26
test0445.mp4,3,29
test0446.mp4,1,9
test0447.mp4,1,9
test0448.mp4,1,9
test0449.mp4,3,29
test0450.mp4,1,9
test0451.mp4,1,6
test0452.mp4,3,30
test0453.mp4,1,10
test0454.mp4,2,11
test0455.mp4,6,49
test0456.mp4,0,1
test0457.mp4,0,0
test0458.mp4,1,10
test0459.mp4,0,4
test0460.mp4,3,31
test0461.mp4,1,10
test0462.mp4,2,22
test0463.mp4,3,29
test0464.mp4,2,23
test0465.mp4,1,8
test0466.mp4,2,19
test0467.mp4,1,7
test0468.mp4,1,10
test0469.mp4,1,8
test0470.mp4,1,9
test0471.mp4,1,7
test0472.mp4,2,18
test0473.mp4,3,24
test0474.mp4,3,29
test0475.mp4,6,49
test0476.mp4,2,22
test0477.mp4,2,21
test0478.mp4,1,10
test0479.mp4,0,0
test0480.mp4,1,10
test0481.mp4,4,35
test0482.mp4,1,8
test0483.mp4,3,31
test0484.mp4,5,47
test0485.mp4,6,49
test0486.mp4,0,4
test0487.mp4,4,36
test0488.mp4,1,5
test0489.mp4,1,10
test0490.mp4,2,21
test0491.mp4,0,0
test0492.mp4,0,0
test0493.mp4,1,9
test0494.mp4,6,48
test0495.mp4,1,10
test0496.mp4,1,9
test0497.mp4,5,43
test0498.mp4,6,48
test0499.mp4,3,30
test0500.mp4,2,21
test0501.mp4,6,49
test0502.mp4,1,10
test0503.mp4,2,17
test0504.mp4,3,31
test0505.mp4,1,9
test0506.mp4,5,42
test0507.mp4,2,11
test0508.mp4,2,20
test0509.mp4,6,50
test0510.mp4,5,43
test0511.mp4,5,39
test0512.mp4,2,12
test0513.mp4,5,44
test0514.mp4,0,1
test0515.mp4,1,10
test0516.mp4,1,9
test0517.mp4,1,8
test0518.mp4,2,19
test0519.mp4,4,33
test0520.mp4,1,9
test0521.mp4,2,23
test0522.mp4,2,19
test0523.mp4,6,49
test0524.mp4,5,38
test0525.mp4,3,31
test0526.mp4,1,5
test0527.mp4,2,22
test0528.mp4,2,17
test0529.mp4,2,22
test0530.mp4,1,10
test0531.mp4,2,19
test0532.mp4,1,8
test0533.mp4,6,49
test0534.mp4,3,25
test0535.mp4,1,9
test0536.mp4,1,9
test0537.mp4,2,17
test0538.mp4,1,9
test0539.mp4,1,10
test0540.mp4,0,0
test0541.mp4,2,21
test0542.mp4,5,41
test0543.mp4,1,9
test0544.mp4,3,31
test0545.mp4,2,11
test0546.mp4,1,8
test0547.mp4,4,33
test0548.mp4,3,24
test0549.mp4,1,9
test0550.mp4,2,21
test0551.mp4,2,22
test0552.mp4,6,50
test0553.mp4,1,9
test0554.mp4,1,9
test0555.mp4,1,9
test0556.mp4,2,21
test0557.mp4,1,10
test0558.mp4,2,22
test0559.mp4,1,7
test0560.mp4,6,49
test0561.mp4,6,49
test0562.mp4,5,43
test0563.mp4,0,1
test0564.mp4,2,15
test0565.mp4,0,0
test0566.mp4,2,21
test0567.mp4,1,10
test0568.mp4,5,43
test0569.mp4,1,9
test0570.mp4,3,26
test0571.mp4,2,20
test0572.mp4,1,9
test0573.mp4,1,8
test0574.mp4,1,8
test0575.mp4,5,41
test0576.mp4,0,1
test0577.mp4,1,8
test0578.mp4,6,49
test0579.mp4,1,9
test0580.mp4,1,10
test0581.mp4,1,8
test0582.mp4,6,48
test0583.mp4,1,9
test0584.mp4,2,17
test0585.mp4,3,31
test0586.mp4,2,17
test0587.mp4,1,10
test0588.mp4,1,10
test0589.mp4,1,8
test0590.mp4,3,24
test0591.mp4,6,49
test0592.mp4,1,8
test0593.mp4,2,20
test0594.mp4,0,0
test0595.mp4,3,24
test0596.mp4,1,10
test0597.mp4,1,8
test0598.mp4,3,31
test0599.mp4,1,8
test0600.mp4,5,38
test0601.mp4,3,30
test0602.mp4,2,11
test0603.mp4,4,32
test0604.mp4,1,5
test0605.mp4,6,50
test0606.mp4,1,8
test0607.mp4,2,17
test0608.mp4,1,10
test0609.mp4,1,10
test0610.mp4,3,25
test0611.mp4,1,9
test0612.mp4,1,6
test0613.mp4,1,10
test0614.mp4,2,19
test0615.mp4,1,10
test0616.mp4,2,11
test0617.mp4,0,0
test0618.mp4,2,15
test0619.mp4,5,47
test0620.mp4,1,9
test0621.mp4,1,5
test0622.mp4,2,19
test0623.mp4,1,9
test0624.mp4,2,20
test0625.mp4,1,10
test0626.mp4,2,19
test0627.mp4,1,10
test0628.mp4,2,23
test0629.mp4,1,10
test0630.mp4,6,49
test0631.mp4,1,10
test0632.mp4,1,8
test0633.mp4,2,23
test0634.mp4,1,9
test0635.mp4,2,23
test0636.mp4,1,10
test0637.mp4,2,22
test0638.mp4,2,23
test0639.mp4,6,49
test0640.mp4,3,30
test0641.mp4,6,48
test0642.mp4,0,1
test0643.mp4,1,8
test0644.mp4,5,41
test0645.mp4,1,8
test0646.mp4,1,8
test0647.mp4,1,5
test0648.mp4,2,17
test0649.mp4,3,27
test0650.mp4,1,7
test0651.mp4,6,48
test0652.mp4,5,38
test0653.mp4,6,49
test0654.mp4,4,37
test0655.mp4,0,1
test0656.mp4,2,18
test0657.mp4,3,24
test0658.mp4,1,8
test0659.mp4,1,9
test0660.mp4,1,9
test0661.mp4,1,8
test0662.mp4,1,7
test0663.mp4,6,49
test0664.mp4,1,9
test0665.mp4,3,27
test0666.mp4,2,22
test0667.mp4,6,48
test0668.mp4,3,26
test0669.mp4,2,23
test0670.mp4,1,7
test0671.mp4,1,10
test0672.mp4,1,8
test0673.mp4,2,16
test0674.mp4,2,18
test0675.mp4,2,23
test0676.mp4,2,11
test0677.mp4,2,16
test0678.mp4,2,23
test0679.mp4,2,22
test0680.mp4,1,9
test0681.mp4,6,49
test0682.mp4,2,19
test0683.mp4,1,9
test0684.mp4,2,22
test0685.mp4,2,21
test0686.mp4,0,0
test0687.mp4,5,43
test0688.mp4,6,48
test0689.mp4,3,31
test0690.mp4,0,0
test0691.mp4,2,12
test0692.mp4,1,9
test0693.mp4,1,9
test0694.mp4,2,17
test0695.mp4,2,21
test0696.mp4,0,1
test0697.mp4,1,9
test0698.mp4,3,30
test0699.mp4,2,22
test0700.mp4,3,31
test0701.mp4,0,0
test0702.mp4,0,4
test0703.mp4,1,9
test0704.mp4,2,11
test0705.mp4,2,16
test0706.mp4,6,49
test0707.mp4,1,8
test0708.mp4,1,9
test0709.mp4,1,8
test0710.mp4,1,10
test0711.mp4,1,10
test0712.mp4,1,8
test0713.mp4,2,13
test0714.mp4,2,17
test0715.mp4,1,10
test0716.mp4,3,29
test0717.mp4,0,0
test0718.mp4,1,9
test0719.mp4,2,13
test0720.mp4,2,17
test0721.mp4,1,9
test0722.mp4,1,9
test0723.mp4,1,8
test0724.mp4,1,10
test0725.mp4,3,31
test0726.mp4,1,10
test0727.mp4,1,9
test0728.mp4,3,31
test0729.mp4,2,19
test0730.mp4,3,31
test0731.mp4,1,10
test0732.mp4,3,24
test0733.mp4,2,19
test0734.mp4,2,12
test0735.mp4,1,10
test0736.mp4,2,19
test0737.mp4,5,38
test0738.mp4,6,48
test0739.mp4,1,10
test0740.mp4,1,9
test0741.mp4,5,39
test0742.mp4,3,31
test0743.mp4,6,48
test0744.mp4,2,20
test0745.mp4,3,31
test0746.mp4,5,41
test0747.mp4,0,0
test0748.mp4,2,21
test0749.mp4,1,9
test0750.mp4,6,49
test0751.mp4,2,23
test0752.mp4,1,10
test0753.mp4,1,9
test0754.mp4,1,9
test0755.mp4,2,22
test0756.mp4,2,23
test0757.mp4,1,7
test0758.mp4,4,35
test0759.mp4,1,8
test0760.mp4,3,29
test0761.mp4,3,29
test0762.mp4,2,23
test0763.mp4,2,15
test0764.mp4,5,43
test0765.mp4,0,4
test0766.mp4,1,8
test0767.mp4,2,19
test0768.mp4,1,10
test0769.mp4,1,6
test0770.mp4,2,17
test0771.mp4,1,9
test0772.mp4,2,23
test0773.mp4,2,21
test0774.mp4,6,49
test0775.mp4,4,33
test0776.mp4,5,43
test0777.mp4,5,43
test0778.mp4,1,8
test0779.mp4,6,49
test0780.mp4,1,9
test0781.mp4,0,0
test0782.mp4,2,22
test0783.mp4,6,49
test0784.mp4,2,23
test0785.mp4,1,8
test0786.mp4,3,24
test0787.mp4,3,30
test0788.mp4,2,19
test0789.mp4,2,17
test0790.mp4,2,13
test0791.mp4,2,11
test0792.mp4,2,22
test0793.mp4,0,1
test0794.mp4,2,23
test0795.mp4,6,48
test0796.mp4,1,7
test0797.mp4,1,9
test0798.mp4,1,8
test0799.mp4,2,17
test0800.mp4,3,30
test0801.mp4,1,9
test0802.mp4,0,0
test0803.mp4,2,11
test0804.mp4,2,23
test0805.mp4,3,27
test0806.mp4,4,33
test0807.mp4,1,6
test0808.mp4,3,29
test0809.mp4,1,8
test0810.mp4,2,19
test0811.mp4,1,8
test0812.mp4,2,22
test0813.mp4,6,49
test0814.mp4,0,0
test0815.mp4,1,7
test0816.mp4,2,17
test0817.mp4,2,18
test0818.mp4,2,23
test0819.mp4,6,49
test0820.mp4,6,49
test0821.mp4,1,9
test0822.mp4,3,28
test0823.mp4,6,49
test0824.mp4,5,44
test0825.mp4,1,9
test0826.mp4,6,49
test0827.mp4,3,28
test0828.mp4,4,34
test0829.mp4,1,9
test0830.mp4,3,28
test0831.mp4,6,49
test0832.mp4,1,8
test0833.mp4,2,11
test0834.mp4,4,36
test0835.mp4,4,34
test0836.mp4,1,9
test0837.mp4,3,25
test0838.mp4,2,13
test0839.mp4,1,8
test0840.mp4,3,24
test0841.mp4,6,48
test0842.mp4,1,8
test0843.mp4,1,9
test0844.mp4,3,31
test0845.mp4,1,9
test0846.mp4,5,43
test0847.mp4,1,10
test0848.mp4,2,21
test0849.mp4,2,16
test0850.mp4,1,10
test0851.mp4,6,48
test0852.mp4,1,8
test0853.mp4,1,10
test0854.mp4,2,13
test0855.mp4,6,48
test0856.mp4,1,8
test0857.mp4,2,19
test0858.mp4,2,17
test0859.mp4,2,23
test0860.mp4,1,9
test0861.mp4,5,41
test0862.mp4,0,1
test0863.mp4,1,5
test0864.mp4,1,8
test0865.mp4,1,10
test0866.mp4,0,0
test0867.mp4,6,49
test0868.mp4,1,10
test0869.mp4,5,38
test0870.mp4,1,5
test0871.mp4,3,24
test0872.mp4,1,8
test0873.mp4,3,31
test0874.mp4,1,9
test0875.mp4,1,9
test0876.mp4,1,7
test0877.mp4,2,11
test0878.mp4,1,8
test0879.mp4,3,31
test0880.mp4,2,17
test0881.mp4,0,0
test0882.mp4,1,9
test0883.mp4,2,21
test0884.mp4,1,9
test0885.mp4,2,13
test0886.mp4,3,31
test0887.mp4,0,0
test0888.mp4,2,23
test0889.mp4,2,21
test0890.mp4,3,31
test0891.mp4,2,21
test0892.mp4,2,17
test0893.mp4,1,9
test0894.mp4,1,9
test0895.mp4,4,36
test0896.mp4,2,22
test0897.mp4,2,17
test0898.mp4,2,23
test0899.mp4,1,9
test0900.mp4,2,23
test0901.mp4,3,31
test0902.mp4,1,5
test0903.mp4,1,10
test0904.mp4,1,6
test0905.mp4,3,27
test0906.mp4,3,27
test0907.mp4,0,0
test0908.mp4,5,43
test0909.mp4,2,13
test0910.mp4,2,13
test0911.mp4,3,29
test0912.mp4,6,49
test0913.mp4,2,15
test0914.mp4,1,10
test0915.mp4,1,9
test0916.mp4,6,50
test0917.mp4,1,10
test0918.mp4,6,48
test0919.mp4,3,28
test0920.mp4,4,34
test0921.mp4,1,7
test0922.mp4,3,24
test0923.mp4,0,1
test0924.mp4,6,49
test0925.mp4,3,24
test0926.mp4,0,1
test0927.mp4,1,8
test0928.mp4,1,10
test0929.mp4,1,6
test0930.mp4,6,49
test0931.mp4,1,10
test0932.mp4,1,9
test0933.mp4,6,49
test0934.mp4,6,49
test0935.mp4,1,6
test0936.mp4,0,4
test0937.mp4,2,15
test0938.mp4,6,49
test0939.mp4,6,49
test0940.mp4,6,48
test0941.mp4,2,17
test0942.mp4,1,9
test0943.mp4,2,19
test0944.mp4,1,8
test0945.mp4,5,41
test0946.mp4,3,29
test0947.mp4,1,10
test0948.mp4,4,36
test0949.mp4,6,49
test0950.mp4,1,9
test0951.mp4,3,24
test0952.mp4,1,5
test0953.mp4,2,22
test0954.mp4,2,21
test0955.mp4,3,30
test0956.mp4,6,49
test0957.mp4,2,19
test0958.mp4,6,49
test0959.mp4,2,17
test0960.mp4,2,23
test0961.mp4,2,19
test0962.mp4,1,5
test0963.mp4,1,9
test0964.mp4,6,50
test0965.mp4,1,8
test0966.mp4,2,11
test0967.mp4,1,7
test0968.mp4,2,21
test0969.mp4,6,49
test0970.mp4,5,40
test0971.mp4,4,34
test0972.mp4,4,33
test0973.mp4,1,8
test0974.mp4,3,31
test0975.mp4,3,24
test0976.mp4,2,17
test0977.mp4,3,29
test0978.mp4,1,9
test0979.mp4,1,7
test0980.mp4,2,22
test0981.mp4,3,24
test0982.mp4,4,34
test0983.mp4,2,20
test0984.mp4,1,9
test0985.mp4,3,25
test0986.mp4,0,4
test0987.mp4,1,8
test0988.mp4,2,19
test0989.mp4,0,0
test0990.mp4,1,10
test0991.mp4,1,9
test0992.mp4,0,0
test0993.mp4,1,6
test0994.mp4,1,9
test0995.mp4,2,21
test0996.mp4,1,8
test0997.mp4,1,8
test0998.mp4,5,38
test0999.mp4,5,39
test1000.mp4,6,48
test1001.mp4,1,9
test1002.mp4,1,9
test1003.mp4,1,10
test1004.mp4,1,8
test1005.mp4,5,43
test1006.mp4,2,22
test1007.mp4,6,48
test1008.mp4,4,33
test1009.mp4,3,30
test1010.mp4,4,34
test1011.mp4,3,29
test1012.mp4,2,19
test1013.mp4,3,30
test1014.mp4,1,9
test1015.mp4,3,31
test1016.mp4,1,9
test1017.mp4,2,21
test1018.mp4,0,0
test1019.mp4,6,48
test1020.mp4,2,17
test1021.mp4,2,18
test1022.mp4,2,19
test1023.mp4,3,24
test1024.mp4,1,7
test1025.mp4,5,43
test1026.mp4,6,48
test1027.mp4,1,9
test1028.mp4,6,51
test1029.mp4,2,23
test1030.mp4,1,9
test1031.mp4,2,17
test1032.mp4,3,24
test1033.mp4,2,23
test1034.mp4,3,26
test1035.mp4,6,48
test1036.mp4,5,44
test1037.mp4,0,1
test1038.mp4,6,48
test1039.mp4,1,9
test1040.mp4,2,16
test1041.mp4,1,9
test1042.mp4,1,10
test1043.mp4,6,48
test1044.mp4,1,5
test1045.mp4,2,13
test1046.mp4,1,10
test1047.mp4,0,0
test1048.mp4,4,33
test1049.mp4,2,20
test1050.mp4,6,49
test1051.mp4,1,9
test1052.mp4,1,8
test1053.mp4,5,40
test1054.mp4,1,10
test1055.mp4,0,1
test1056.mp4,1,9
test1057.mp4,2,11
test1058.mp4,4,36
test1059.mp4,3,27
test1060.mp4,2,21
test1061.mp4,1,10
test1062.mp4,2,23
test1063.mp4,1,10
test1064.mp4,3,28
test1065.mp4,2,19
test1066.mp4,1,10
test1067.mp4,6,48
test1068.mp4,5,41
test1069.mp4,1,9
test1070.mp4,0,0
test1071.mp4,1,10
test1072.mp4,5,42
test1073.mp4,1,8
test1074.mp4,3,30
test1075.mp4,2,11
test1076.mp4,2,20
test1077.mp4,2,15
test1078.mp4,1,9
test1079.mp4,1,10
test1080.mp4,2,21
test1081.mp4,1,10
test1082.mp4,1,10
test1083.mp4,1,9
test1084.mp4,2,23
test1085.mp4,2,16
test1086.mp4,2,17
test1087.mp4,5,42
test1088.mp4,2,21
test1089.mp4,2,11
test1090.mp4,2,22
test1091.mp4,6,49
test1092.mp4,3,29
test1093.mp4,5,42
test1094.mp4,1,7
test1095.mp4,1,7
test1096.mp4,1,5
test1097.mp4,2,13
test1098.mp4,1,10
test1099.mp4,2,23
test1100.mp4,2,23
test1101.mp4,6,49
test1102.mp4,1,10
test1103.mp4,6,48
test1104.mp4,1,9
test1105.mp4,2,17
test1106.mp4,6,49
test1107.mp4,1,9
test1108.mp4,3,24
test1109.mp4,0,4
test1110.mp4,5,42
test1111.mp4,1,9
test1112.mp4,3,31
test1113.mp4,1,8
test1114.mp4,1,8
test1115.mp4,3,31
test1116.mp4,1,8
test1117.mp4,1,10
test1118.mp4,1,10
test1119.mp4,2,17
test1120.mp4,0,0
test1121.mp4,1,8
test1122.mp4,4,34
test1123.mp4,2,12
test1124.mp4,1,9
test1125.mp4,2,20
test1126.mp4,1,9
test1127.mp4,1,9
test1128.mp4,6,48
test1129.mp4,1,8
test1130.mp4,1,7
test1131.mp4,6,49
test1132.mp4,1,6
test1133.mp4,1,8
test1134.mp4,3,31
test1135.mp4,2,17
test1136.mp4,5,41
test1137.mp4,2,22
